state,n_deltas,theta_mean_deg,theta_mean_deg_shuffled
0,447,40.35656,69.3882
1,143,49.656723,67.92044
2,524,49.957577,70.62085
3,993,56.950737,70.73405
4,386,51.807526,70.792595
5,453,39.49859,69.62024
6,393,45.76671,70.81864
7,306,35.441063,69.06753
8,614,57.024467,70.393486
9,465,46.928486,70.887764
10,360,46.59107,69.3246
11,218,39.998512,68.7376
12,548,54.107254,70.381035
13,481,48.38565,69.87649
14,498,51.495502,69.91857
15,290,42.70207,69.705765
16,645,42.782547,70.797066
17,418,34.133278,70.209526
18,231,34.05888,69.98174
19,1016,50.200474,70.82412
20,488,51.79437,69.97629
21,555,57.653767,70.19564
22,1209,58.682526,71.28947
23,401,50.51188,70.295265
24,535,54.675415,70.83211
25,388,43.491886,69.028114
26,319,40.829403,69.93847
27,209,37.55317,68.6055
28,315,46.616337,69.674065
29,291,50.571983,69.58878
30,372,19.960632,70.141365
31,392,46.355827,70.622894
32,1029,52.97126,70.996056
33,997,58.907684,71.02423
34,452,49.576794,69.82684
35,554,49.822662,69.79208
36,540,46.909534,70.07977
37,592,48.979664,70.260956
38,544,52.49404,70.43517
39,606,41.335888,70.719765
40,898,46.472195,70.65071
41,489,47.350853,70.85193
42,274,46.169754,69.3527
43,346,46.654373,70.09486
44,401,43.80949,70.323364
45,210,38.979996,69.17216
46,467,38.740448,71.13046
47,1200,61.308887,70.41699
48,438,46.299072,70.13312
49,523,51.448383,69.86097
50,474,45.68368,70.12599
51,278,50.50601,69.636635
52,293,41.413826,70.02684
53,610,53.29627,71.1473
54,356,49.720142,69.46424
55,480,44.9051,71.16833
56,240,43.49133,69.384895
57,439,46.581017,70.28301
58,780,57.03706,69.85112
59,283,43.327557,70.12031
60,430,42.93705,70.696045
61,350,33.331516,70.31346
62,572,52.719154,71.36905
63,386,37.267666,69.81712
64,731,50.6909,70.51245
65,705,53.788277,71.541626
66,490,46.272488,70.48843
67,771,37.924328,70.23802
68,329,40.348164,69.79167
69,239,39.595062,69.39445
70,333,55.24208,69.65065
71,561,18.851461,70.399765
72,271,42.119823,70.338264
73,682,46.47529,70.899666
74,388,48.35152,69.59212
75,580,40.558636,70.761406
76,754,61.651146,70.36462
77,714,54.511253,70.83604
78,325,53.998436,69.45503
79,356,40.57079,69.65626
80,603,50.231194,70.41924
81,361,48.29325,70.1232
82,442,36.61294,69.63184
83,535,55.64592,70.68132
84,250,45.963093,68.24888
85,638,56.031776,69.884964
86,312,47.060566,69.72729
87,770,53.575,70.550385
88,208,41.15319,68.973915
89,395,47.11327,69.735886
90,506,48.98024,70.98987
91,563,54.30621,70.891235
92,691,43.713463,71.1812
93,244,50.003426,68.837746
94,727,40.980663,71.50965
95,493,10.036153,69.393875
96,671,49.087486,70.690094
97,763,45.731037,70.07262
98,403,38.522003,69.64108
99,294,43.25048,69.71423
100,401,51.255642,70.396736
101,374,49.76792,70.229866
102,438,50.83059,70.572495
103,284,50.430508,69.58268
104,232,43.970963,69.6606
105,524,42.984554,70.30648
106,275,43.231762,68.99937
107,614,49.861187,70.629005
108,420,45.923233,70.732216
109,242,34.713722,68.64841
110,569,47.941925,70.22946
111,543,42.221912,70.17953
112,297,49.72363,68.38105
113,275,43.72595,69.50183
114,332,49.663097,69.690994
115,265,37.547,69.51916
116,370,43.67392,69.10856
117,347,33.303738,69.49974
118,451,46.453766,70.3671
119,256,49.57152,68.924576
120,13,,
121,435,49.37139,70.30644
122,272,46.137066,69.31985
123,320,44.835014,70.00727
124,650,53.101852,69.98991
125,608,55.525314,70.53031
126,495,49.215584,69.806404
127,465,48.605316,70.238716
128,244,20.856544,69.72053
129,501,44.07415,69.44082
130,362,45.440414,69.951164
131,396,47.751835,70.48709
132,615,37.87441,70.640495
133,369,52.85766,70.24653
134,608,48.2541,70.921974
135,273,40.882675,69.63265
136,292,42.285652,70.0992
137,404,41.31753,69.92221
138,161,50.439518,68.50025
139,262,39.75532,68.38192
140,791,51.676357,71.15843
141,307,37.716244,69.851944
142,273,35.44228,69.94466
143,570,60.401302,70.46032
144,253,48.34642,69.15706
145,381,38.205246,69.57751
146,419,45.595795,69.69638
147,450,45.659348,69.66952
148,8,,
149,162,47.995064,68.33251
150,509,53.43063,70.606
151,494,54.963493,69.93371
152,518,44.57666,69.83963
153,227,47.243702,69.935555
154,147,43.453262,67.13531
155,110,44.87478,66.7364
156,671,51.919132,70.647316
157,537,57.2326,70.281494
158,504,48.367283,70.41979
159,376,45.544064,68.99255
160,258,48.707817,69.751205
161,430,43.151577,69.447136
162,614,57.706184,70.53439
163,129,40.53634,66.73321
164,403,37.26879,70.012
165,140,49.10744,67.561874
166,352,38.75666,69.603
167,319,45.85025,69.46829
168,348,40.0209,69.92126
169,405,51.807766,70.12194
170,910,52.389645,71.80348
171,170,44.292095,68.50479
172,355,48.01125,69.710175
173,445,54.902924,69.97493
174,415,51.67562,70.0491
175,270,48.05126,69.55705
176,360,47.350685,70.37223
177,261,50.64286,69.87615
178,405,40.77404,70.16168
179,275,43.94183,70.16864
180,553,50.303497,70.57829
181,375,31.36502,69.672295
182,433,46.788574,70.04174
183,429,37.981205,70.76956
184,427,49.298622,70.29202
185,445,50.934227,70.36673
186,343,43.83363,69.387314
187,613,53.861027,71.293274
188,598,54.5076,71.35787
189,456,54.3909,70.62834
190,440,31.342463,69.49108
191,238,49.350445,70.42384
192,445,55.32946,70.26726
193,633,50.396667,71.094574
194,430,46.85585,71.01688
195,405,50.361736,69.94227
196,603,54.60622,70.40718
197,392,48.847317,70.040474
198,319,50.10033,69.79822
199,253,50.336563,69.653114
200,553,39.147087,70.48006
201,316,43.758675,70.05533
202,475,35.462353,70.42354
203,472,49.65908,69.67224
204,271,40.047615,70.09032
205,405,50.50345,69.65584
206,363,47.978466,69.6739
207,349,35.662724,69.37975
208,839,53.595737,71.28523
209,225,40.489803,69.662415
210,544,49.21656,70.256096
211,463,51.705875,70.44141
212,572,54.999184,70.32762
213,532,50.434288,70.12838
214,686,51.403515,70.734215
215,355,46.33476,69.83312
216,398,45.42481,69.66827
217,201,46.473953,67.94003
218,445,52.295963,69.94375
219,671,43.61437,70.66679
220,367,47.794163,69.64167
221,419,52.436695,70.46592
222,418,43.244656,69.410515
223,866,56.071617,71.27942
224,446,43.602795,71.40261
225,468,46.630154,70.26522
226,361,49.266026,70.40414
227,661,50.992348,70.740814
228,298,44.379272,69.47789
229,164,40.17278,69.149345
230,319,48.34898,70.06189
231,208,46.37046,68.48676
232,292,45.505894,68.86548
233,702,53.693665,70.45334
234,209,44.23919,69.203285
235,631,47.959507,70.300934
236,778,50.655365,70.72494
237,374,37.724934,69.27632
238,363,39.235546,69.79961
239,356,48.608532,69.74826
240,166,41.668896,67.52789
241,657,50.839973,70.25674
242,266,39.981796,69.25166
243,366,51.12595,69.998116
244,323,36.559143,68.87217
245,413,37.482956,68.765495
246,462,47.950787,69.566315
247,761,53.586933,70.465706
248,319,50.929398,69.32313
249,215,36.39073,68.59334
250,473,47.124187,70.2331
251,268,53.890423,69.79899
252,578,49.584515,70.58628
253,229,42.626316,68.828964
254,331,46.220314,69.55473
255,559,34.04085,70.286545
256,507,52.674652,71.109795
257,555,50.384655,70.95744
258,1349,63.19812,70.89375
259,291,42.717823,69.99792
260,281,47.32737,69.91857
261,243,39.81693,68.284256
262,298,45.43035,69.130005
263,184,40.715984,68.00313
264,411,42.172935,70.26288
265,451,38.5769,69.92934
266,712,58.30777,70.521034
267,290,46.005054,69.72208
268,408,58.924942,69.64807
269,439,53.432945,70.03849
270,605,53.9719,70.5353
271,375,43.798576,68.904976
272,310,41.405922,69.63088
273,761,49.832058,70.41136
274,400,45.97921,69.62624
275,40,,
276,353,38.5013,69.751884
277,468,58.496452,70.267525
278,381,46.15643,70.32393
279,398,41.195232,70.089874
280,438,45.141228,70.50756
281,456,42.36737,70.96654
282,482,53.996822,71.08721
283,313,44.120094,69.687874
284,381,51.31784,70.9363
285,107,37.566082,67.59019
286,347,51.147617,70.163185
287,315,53.48384,69.62925
288,318,41.571873,69.9291
289,1055,62.67746,70.41914
290,145,48.2918,66.619965
291,436,44.666946,70.04293
292,360,41.64677,69.7369
293,359,42.32902,70.44354
294,541,50.490795,70.39412
295,452,52.365746,70.24048
296,425,46.342014,69.904755
297,510,43.089314,71.02845
298,324,42.263184,69.11499
299,579,50.882355,70.452805
300,536,53.785435,70.5201
301,444,55.054535,69.734764
302,622,49.287445,71.03076
303,191,11.347961,68.450645
304,254,39.82885,69.26078
305,486,48.773983,70.92782
306,430,51.5882,69.86353
307,204,39.38785,68.340996
308,564,41.2027,71.64589
309,266,50.965767,69.795494
310,348,39.92757,69.55609
311,297,48.034138,69.376434
312,291,40.5691,69.61123
313,424,50.611088,69.87172
314,337,41.633904,70.13777
315,384,24.628809,70.52479
316,345,47.915382,70.255196
317,666,46.614994,70.136
318,522,52.98677,70.33962
319,195,45.723675,68.14844
320,509,39.300903,70.74007
321,368,49.059013,70.734924
322,436,39.776108,69.39888
323,423,37.70843,69.98548
324,264,47.255016,69.97703
325,507,37.82917,69.992004
326,302,40.717026,70.21787
327,532,46.539818,70.85344
328,189,42.6988,68.01228
329,962,51.199066,70.64899
330,184,45.424072,68.20113
331,350,30.192522,69.589935
332,549,50.85313,70.347115
333,307,45.180965,68.905426
334,133,46.457054,66.29685
335,498,43.3841,70.163445
336,179,45.675964,69.18152
337,444,50.033062,70.59107
338,355,59.99252,69.19826
339,584,56.288406,70.60481
340,681,57.367928,71.38664
341,435,39.42238,71.25213
342,422,50.353893,69.939705
343,385,47.87577,70.371925
344,424,47.671944,69.7055
345,368,38.998226,69.584496
346,305,44.886246,70.04287
347,688,45.152103,70.92007
348,499,31.96504,70.44185
349,369,48.905266,70.0466
350,635,52.88482,70.89366
351,546,49.61659,69.52147
352,296,47.80953,69.506516
353,298,55.52455,69.855064
354,474,56.236523,70.94132
355,491,46.12477,70.00347
356,347,55.963673,70.22901
357,306,46.202705,70.46615
358,622,48.27713,70.86047
359,426,43.509098,70.60566
360,459,46.413883,70.5035
361,308,48.06216,69.91486
362,299,56.022816,69.23049
363,357,52.45159,70.16111
364,382,44.78501,70.53274
365,425,43.62605,69.56601
366,538,43.165993,70.623955
367,319,39.313828,69.59734
368,668,48.311073,70.20799
369,503,55.064743,70.03722
370,412,31.970598,69.96589
371,326,42.71589,70.97611
372,474,55.265503,71.29091
373,140,46.10576,67.25564
374,565,47.00478,70.84976
375,249,35.170956,69.16296
376,457,41.874897,70.16006
377,252,44.177586,69.464066
378,432,53.835224,70.40189
379,584,46.28741,70.61189
380,562,47.29138,69.95521
381,391,50.39928,70.79388
382,357,41.495083,69.41557
383,472,57.992,70.6653
384,363,52.235912,70.35206
385,152,45.79268,69.461784
386,478,50.31583,69.99427
387,354,41.215633,69.57996
388,138,50.553364,68.07488
389,498,46.155514,69.778694
390,332,44.520744,69.8675
391,381,50.84903,69.34244
392,381,35.091698,69.21558
393,471,47.965363,71.05094
394,450,48.516254,70.29512
395,659,42.071774,70.58799
396,583,50.417854,70.48154
397,264,50.108772,70.09083
398,379,49.552277,69.71764
399,628,56.049686,71.09815
400,277,44.222656,68.17166
401,679,56.76467,71.48343
402,606,45.801926,70.02056
403,408,40.725147,70.032616
404,248,44.757195,68.833565
405,406,45.09515,70.250854
406,536,49.940166,70.67794
407,152,37.064297,68.80872
408,285,40.310307,70.139404
409,411,42.22005,70.32091
410,317,42.8115,70.046684
411,383,50.556652,70.52517
412,228,35.190994,69.06882
413,537,43.212513,70.902054
414,655,53.95879,70.858505
415,375,46.775715,69.996925
416,583,53.02994,69.683784
417,274,44.18116,69.87086
418,523,44.223724,69.81445
419,346,43.172924,69.227295
420,685,53.940517,70.04473
421,561,47.856342,69.971466
422,342,41.400486,69.536476
423,277,39.466118,69.678764
424,435,54.05457,71.00616
425,513,51.90377,70.928276
426,248,49.57187,69.53177
427,642,48.384907,70.38508
428,551,49.255474,69.62293
429,302,45.17062,69.73576
430,366,49.85655,69.01881
431,196,41.983723,68.63648
432,610,53.274067,70.47232
433,742,46.53376,70.41497
434,378,46.973988,70.29919
435,556,50.319736,69.67152
436,795,44.6771,71.537796
437,479,36.592533,70.545876
438,450,39.152836,69.87433
439,389,51.2652,70.35594
440,499,45.950302,69.77491
441,435,46.277325,70.61819
442,161,46.019016,67.186104
443,694,42.161808,69.93528
444,426,41.9386,70.27535
445,197,35.531036,68.315735
446,337,43.58511,70.61743
447,497,42.4973,70.65012
448,251,39.465427,69.008575
449,247,39.752323,68.10184
450,299,49.149567,68.552216
451,443,57.6697,70.104454
452,618,49.347023,70.58527
453,486,49.271122,70.16643
454,283,51.666134,68.99121
455,318,49.365078,69.058334
456,806,47.19242,70.600296
457,296,44.550537,69.146355
458,489,53.235405,69.446236
459,460,51.256847,70.892586
460,425,50.51957,69.935776
461,520,53.16583,71.1307
462,270,27.500048,69.13853
463,225,43.6331,69.23788
464,675,44.82548,70.44477
465,472,37.393745,70.07005
466,223,49.547474,68.91514
467,313,47.066,69.79192
468,244,37.422493,69.4732
469,282,50.086464,69.53741
470,300,40.2123,70.865875
471,574,55.550808,70.902626
472,475,51.395805,69.21047
473,438,36.904537,70.95436
474,549,43.923313,69.36724
475,424,36.760166,70.093796
476,638,50.53952,70.95939
477,52,41.08027,63.914394
478,119,41.94556,66.14356
479,683,47.078426,69.901855
480,494,55.59497,70.28623
481,478,46.143772,70.48542
482,458,53.478992,69.442245
483,294,40.67437,69.18605
484,542,49.222088,70.757195
485,583,54.05445,70.16379
486,188,37.3757,67.972466
487,428,38.876514,69.60406
488,289,34.402023,67.9016
489,362,42.973717,70.15724
490,228,50.57053,69.91225
491,274,41.46092,70.13549
492,130,48.462463,66.943054
493,372,55.59901,70.083694
494,552,44.48969,70.16443
495,228,48.12452,69.17036
496,251,36.080757,68.5953
497,469,51.81847,70.50541
498,885,58.119324,70.84532
499,345,53.377693,68.850105
500,140,42.04234,67.53507
501,410,44.23774,70.19203
502,580,54.414593,70.78087
503,575,53.017704,69.34712
504,260,42.722183,69.826515
505,340,53.253494,69.85143
506,718,53.89574,70.235855
507,332,46.235317,69.70148
508,599,42.306225,70.30472
509,289,37.47303,68.15105
510,455,45.633537,71.0532
511,394,45.846615,70.11712
512,111,49.60538,67.32192
513,247,42.475945,69.5832
514,530,48.18818,69.96449
515,542,52.14998,70.74173
516,460,49.374203,70.54812
517,431,44.666683,70.28295
518,212,38.6186,68.663055
519,282,38.298374,69.94865
520,469,56.409832,69.15933
521,431,32.31102,70.35344
522,247,42.099728,69.11345
523,177,41.52683,68.24188
524,152,46.37825,70.07274
525,488,50.42998,70.92567
526,504,47.697598,69.60532
527,226,39.21377,70.191284
528,407,50.62441,69.52443
529,228,40.651497,68.60309
530,337,49.074287,70.012276
531,621,54.168316,70.97554
532,677,54.82601,70.2865
533,396,53.50293,70.25987
534,562,53.281246,70.45781
535,294,42.3677,69.43424
536,554,46.18882,70.69648
537,161,48.597042,68.43284
538,430,54.62461,71.167404
539,791,53.01362,71.06959
540,312,53.477703,70.804565
541,205,40.345123,69.007034
542,406,44.233192,70.58534
543,380,48.867867,70.110016
544,323,51.219383,69.49514
545,330,47.823647,69.46851
546,317,55.84094,69.16848
547,481,39.82996,70.402626
548,468,47.8398,70.00195
549,326,42.443855,69.37527
550,299,42.956894,68.797356
551,224,42.98763,68.55011
552,517,48.140144,70.049805
553,623,54.16075,70.44695
554,204,45.360485,67.90699
555,64,45.406384,63.73725
556,476,43.1203,70.13027
557,556,39.8942,70.74374
558,456,47.40042,70.11378
559,268,39.51672,69.64315
560,450,38.16528,70.06248
561,348,49.405045,70.50689
562,438,52.213215,69.76591
563,484,47.238056,70.75861
564,178,44.104603,67.81485
565,484,48.99223,70.17973
566,403,49.707764,69.68502
567,365,39.019264,70.78686
568,370,42.356613,69.26681
569,331,55.929188,69.259796
570,503,50.72763,70.09243
571,597,44.713333,70.24717
572,174,48.631268,68.548805
573,304,42.15633,69.311806
574,296,42.10903,69.99665
575,298,36.19648,70.147285
576,353,53.54916,69.76292
577,702,51.969135,70.01214
578,629,58.08749,70.56025
579,212,45.818913,68.43228
580,350,50.653023,69.9315
581,327,42.964653,69.67786
582,112,38.208252,67.77626
583,132,39.60197,66.20136
584,756,60.892624,71.074844
585,619,53.47714,70.80161
586,339,45.694706,69.56726
587,30,,
588,228,48.581482,70.07412
589,507,39.06042,70.75138
590,283,43.77512,68.92907
591,507,46.06596,70.73901
592,341,37.823208,69.60429
593,270,42.739002,69.750854
594,532,40.19337,70.686356
595,418,50.29451,69.950035
596,417,50.321266,70.613
597,258,48.37556,69.33786
598,469,44.456707,70.19513
599,558,51.48953,71.18619
600,403,44.532703,71.04651
601,387,47.439186,70.97348
602,310,41.59846,70.35706
603,294,43.19835,69.73769
604,394,21.18362,69.05083
605,707,56.77892,69.8051
606,1453,49.294132,70.90459
607,425,47.72291,70.093056
608,239,42.65158,69.23458
609,246,43.467224,68.77044
610,318,46.05731,69.843735
611,405,46.466244,70.080986
612,305,38.61818,69.15085
613,635,51.059425,70.2938
614,432,51.88206,69.73875
615,275,35.981655,69.60141
616,570,41.337162,70.528206
617,463,52.08531,71.03217
618,239,47.31627,69.82077
619,215,50.8994,68.11949
620,162,39.86692,68.18018
621,416,47.076473,69.46324
622,442,48.781948,69.64941
623,426,45.55974,70.0653
624,1011,46.967983,70.54312
625,517,43.064827,70.440796
626,379,44.37702,70.21188
627,265,49.74796,68.976875
628,395,54.312706,70.30018
629,407,46.58032,69.73816
630,380,36.138596,70.22401
631,392,37.665207,69.58593
632,493,50.498314,69.43514
633,442,57.40483,70.03969
634,371,43.830437,70.46539
635,382,33.978947,70.82894
636,510,54.586235,70.90025
637,428,34.971546,70.59343
638,200,47.183422,69.110275
639,534,41.713314,70.48092
640,375,40.293877,69.87908
641,354,43.0479,69.02747
642,598,48.652718,69.87172
643,325,42.39752,69.67089
644,173,19.829512,70.00253
645,353,50.472622,70.839935
646,461,49.536392,70.60708
647,258,45.59189,68.24346
648,280,38.659744,69.899315
649,273,43.593307,69.31079
650,380,52.020256,69.94088
651,419,40.694096,70.97472
652,214,33.971874,68.25233
653,495,43.369656,69.436035
654,214,39.537884,70.174416
655,513,52.896877,70.04336
656,564,48.040485,71.06952
657,347,44.935585,70.23476
658,309,48.970284,69.75458
659,251,44.73444,69.50232
660,464,45.568737,70.15101
661,546,51.58605,70.71477
662,722,51.25113,70.764244
663,314,36.329063,69.984
664,249,47.449913,68.76262
665,258,45.565456,68.484314
666,373,48.904602,69.52999
667,553,45.82983,69.98821
668,311,34.317463,69.11968
669,415,32.058334,70.66833
670,425,41.21044,69.47341
671,281,47.59378,69.67494
672,582,51.5939,70.00507
673,271,42.705612,70.40504
674,404,44.37853,70.14302
675,152,23.57351,66.63302
676,281,38.00001,69.46013
677,146,37.83486,68.05683
678,477,49.417305,69.92342
679,712,59.19962,70.03192
680,260,45.264454,69.136536
681,406,42.77207,69.64167
682,466,52.902348,69.901596
683,512,52.935925,70.32303
684,427,41.658363,70.251945
685,516,53.2291,70.5334
686,640,54.67915,69.48359
687,392,44.145218,70.75857
688,568,44.61358,70.07088
689,183,40.850243,68.94159
690,301,46.717197,68.87993
691,239,37.18906,68.92084
692,763,55.65584,70.797485
693,378,48.10644,70.05226
694,387,49.62112,69.982124
695,304,46.244747,69.5152
696,294,33.790314,68.452446
697,122,37.721973,66.87341
698,578,55.35025,71.36941
699,355,38.495502,70.41633
700,361,46.737762,69.73429
701,284,52.445435,69.687775
702,405,53.29538,69.190834
703,405,19.837086,70.16681
704,455,47.29475,70.437614
705,481,42.715233,70.2332
706,196,40.40902,69.473785
707,677,44.2176,71.08517
708,295,41.25796,69.22138
709,710,45.51719,70.686325
710,350,45.309353,69.46243
711,378,48.892494,69.375206
712,485,50.23964,69.90282
713,343,48.132915,70.447044
714,373,41.108,69.76779
715,282,40.220825,69.850914
716,326,46.561764,70.87447
717,275,42.398743,68.71521
718,386,53.0962,69.351524
719,268,40.55267,69.384445
720,652,50.203537,70.24429
721,209,52.949993,68.785286
722,382,40.23573,69.61081
723,554,42.320522,70.53853
724,212,28.066921,69.31908
725,320,38.767223,69.26985
726,217,34.888268,69.86719
727,384,50.242756,70.19638
728,459,52.344845,70.29576
729,533,52.166634,70.590866
730,553,47.55152,70.76288
731,201,46.775528,69.0018
732,250,42.44238,69.2984
733,407,43.582165,70.1343
734,348,52.25842,69.07922
735,360,46.551266,69.92162
736,326,38.12297,70.4753
737,591,48.55877,69.90598
738,529,48.426758,69.57622
739,289,48.007668,69.30505
740,420,46.76716,70.18028
741,296,52.369015,69.42638
742,251,42.438694,69.92642
743,432,49.15759,71.0444
744,373,43.592724,70.447876
745,194,46.897522,68.79312
746,467,42.672043,70.84904
747,534,55.104713,71.10794
748,476,55.487747,70.997604
749,339,52.657913,70.237335
750,279,49.121655,70.18326
751,492,45.269333,70.41601
752,745,49.79764,70.53599
753,395,36.167995,70.29226
754,310,42.565613,69.85533
755,384,46.94035,70.02476
756,231,56.152145,67.989624
757,497,51.658123,70.46877
758,433,49.164043,70.32822
759,449,41.157997,70.811714
760,374,36.822643,68.93312
761,235,52.488647,69.06728
762,424,45.204,69.78679
763,223,36.661835,69.37874
764,390,49.011364,69.92262
765,485,44.933094,70.24784
766,471,49.361263,70.79752
767,385,45.116585,69.493355
768,704,56.58505,70.53133
769,225,42.08534,68.84015
770,323,41.94498,69.457275
771,582,48.840214,70.235634
772,264,43.56279,69.2282
773,413,49.970592,69.63068
774,497,54.407803,70.55793
775,298,46.99973,69.81644
776,660,52.793686,70.85789
777,295,46.737007,68.8693
778,293,39.365932,69.47403
779,203,38.1005,69.55828
780,162,41.846073,67.532
781,486,49.628426,70.31896
782,514,53.141438,69.613815
783,480,48.330273,70.87798
784,351,44.475143,70.20932
785,426,44.533615,70.13699
786,234,46.973946,69.49147
787,309,50.14708,70.19056
788,221,47.279625,68.91949
789,533,54.929283,70.64879
790,429,50.961582,70.54194
791,467,48.237328,70.33245
792,722,48.572308,71.327965
793,469,49.544983,70.6316
794,507,39.461143,71.07737
795,172,45.72418,67.79935
796,432,45.559505,70.5987
797,614,56.33506,71.59662
798,506,50.483555,70.23073
799,588,47.11101,70.61482
800,346,47.50227,70.913506
801,499,40.261635,69.85613
802,565,57.991337,71.00891
803,176,22.06082,67.44128
804,786,47.54444,69.974106
805,330,42.990547,70.2121
806,463,38.94997,70.83335
807,249,43.236374,70.251465
808,272,52.25257,71.20187
809,568,49.875576,70.95442
810,115,36.77602,67.76023
811,292,46.957108,68.634796
812,494,40.47072,71.128174
813,471,42.69342,70.296234
814,418,43.635487,69.80397
815,412,47.52123,70.89697
816,411,48.951187,70.878876
817,419,40.674335,70.66676
818,131,40.557384,67.85785
819,341,44.055313,69.78846
820,682,43.161747,69.67329
821,269,42.58559,69.91557
822,603,53.92298,71.17982
823,603,48.85106,70.47949
824,141,34.464912,66.56099
825,335,48.66403,69.8263
826,345,44.42813,69.97173
827,270,51.779724,69.666794
828,450,48.135983,70.11408
829,219,42.538948,68.991486
830,340,47.94823,69.86952
831,627,51.259663,69.38205
832,356,50.141342,70.14891
833,666,47.52314,71.246666
834,319,52.933865,69.98413
835,309,43.86968,69.61468
836,517,51.830902,70.46872
837,281,56.09699,69.661285
838,497,55.774693,70.646515
839,173,39.06268,67.413994
840,201,39.15564,70.05363
841,316,47.925415,69.046135
842,268,49.554337,69.7489
843,647,48.18098,71.59899
844,341,57.7624,70.25886
845,405,50.546093,70.36645
846,390,48.721195,69.95411
847,446,39.20965,69.62373
848,425,47.74666,69.87002
849,452,50.100204,69.70267
850,564,52.4086,70.57762
851,192,45.47,68.28219
852,186,18.538101,69.076836
853,746,50.79895,70.56362
854,661,48.27,70.42291
855,417,57.603878,70.29214
856,402,42.485416,70.83839
857,313,49.739864,70.49909
858,309,49.010002,68.93454
859,906,58.45524,71.229004
860,277,40.581543,69.542465
861,272,47.34103,69.092476
862,228,36.807144,69.381516
863,250,47.50441,69.96225
864,504,47.57231,69.06471
865,341,37.75133,69.11147
866,318,47.40539,70.1539
867,490,53.59823,70.22559
868,305,50.877586,69.33846
869,342,38.485558,69.16747
870,20,,
871,560,55.91105,71.43299
872,187,34.557938,68.79019
873,143,42.44917,68.74678
874,538,48.06864,70.73053
875,536,48.223274,70.16955
876,425,49.31997,69.59537
877,281,49.598427,69.65782
878,425,50.618713,70.65977
879,1110,53.246742,70.54426
880,743,56.370686,71.31525
881,389,48.707565,70.97698
882,184,47.867943,69.50398
883,494,49.524475,70.420654
884,394,48.93677,69.91084
885,251,44.26567,69.71903
886,445,45.01344,69.22206
887,279,50.16262,69.699745
888,371,52.350372,70.3333
889,90,38.031174,65.963196
890,440,37.747177,69.91614
891,413,58.01255,70.738884
892,156,45.381786,69.51391
893,398,50.348877,70.14838
894,493,56.55006,69.755684
895,489,45.495007,69.450134
896,281,41.65214,69.38931
897,390,45.956867,69.90216
898,258,43.150806,68.45854
899,463,49.41843,71.003716
900,298,39.761875,69.124435
901,384,42.20015,69.87525
902,611,55.219753,70.58668
903,476,51.152,70.6793
904,224,43.55424,68.88621
905,438,51.28515,69.80828
906,502,56.32249,70.20426
907,329,38.51265,69.00748
908,202,50.75666,68.52037
909,494,44.584934,70.71791
910,441,47.67921,69.78483
911,409,47.227203,69.21951
912,395,42.178818,70.44585
913,327,47.167313,70.38437
914,563,48.439705,70.11999
915,396,53.293335,70.16019
916,377,52.191986,69.93547
917,568,45.38276,70.40775
918,334,37.00745,70.1514
919,467,53.127697,70.43596
920,615,56.34973,69.9289
921,271,50.540657,69.892426
922,563,48.02593,70.449394
923,269,44.676346,69.3513
924,741,56.416946,70.58633
925,422,45.79167,70.36427
926,516,46.906887,69.987625
927,497,31.69625,69.69899
928,412,16.227936,70.1709
929,6,,
930,338,49.32901,70.19439
931,586,38.45187,70.39198
932,542,48.244884,70.32419
933,630,58.40981,71.49009
934,319,46.7124,69.94064
935,544,50.59571,70.78619
936,590,43.24983,70.372475
937,504,39.63114,69.66439
938,235,41.645363,68.7284
939,106,36.35493,66.501526
940,551,54.041492,70.885124
941,342,46.479748,69.42259
942,579,52.563038,70.4612
943,229,42.21623,69.21339
944,503,49.856487,70.49153
945,486,51.269115,69.2289
946,599,55.156197,70.685326
947,300,48.576855,70.403564
948,270,44.524696,68.35988
949,671,56.587822,70.434074
950,528,52.10091,70.39083
951,647,41.997547,70.64465
952,328,45.289074,69.73398
953,383,52.452652,69.85117
954,304,46.637627,68.580505
955,230,49.11757,68.64112
956,292,45.436554,69.97108
957,447,44.37946,70.62431
958,446,46.972332,70.473595
959,374,47.25082,70.03362
960,252,40.434944,70.300964
961,318,48.53133,70.30234
962,465,43.29021,70.49107
963,429,44.71116,69.824165
964,286,41.326,69.93421
965,538,50.391148,71.06398
966,227,51.198307,69.1061
967,916,52.31741,70.95487
968,362,46.612236,70.357025
969,273,51.02049,69.062874
970,440,52.966763,69.04896
971,460,47.75086,70.16182
972,260,40.43068,69.0469
973,199,41.18392,70.47831
974,323,38.780643,69.78773
975,346,46.747826,69.4779
976,342,41.59801,70.402916
977,159,41.312965,67.40933
978,684,54.26798,70.858025
979,269,49.54363,70.60295
980,362,50.400597,70.1776
981,599,41.99801,70.10559
982,293,51.318634,69.67037
983,321,49.344143,69.34522
984,318,46.03389,69.60637
985,192,30.868113,69.30016
986,84,41.626606,66.99052
987,304,37.076782,70.096886
988,333,48.943615,70.26426
989,193,46.604214,68.83276
990,456,44.98691,71.01487
991,147,43.126938,69.00493
992,422,51.42277,69.9144
993,123,45.773373,67.22923
994,322,38.303925,69.24567
995,428,46.319702,70.63237
996,316,42.494617,69.114
997,767,44.368645,70.0777
998,537,46.98558,70.422104
999,543,55.77598,70.91121
1000,300,40.81098,69.616234
1001,230,46.566483,69.32247
1002,223,50.271492,68.62966
1003,448,47.261112,69.42962
1004,290,44.029263,69.30778
1005,364,43.58294,69.38369
1006,664,54.374905,70.11832
1007,1239,54.048702,70.96575
1008,316,30.24581,70.04923
1009,157,34.93559,69.409676
1010,438,50.364674,69.76205
1011,515,45.238014,69.87118
1012,332,53.763073,69.74604
1013,392,48.32135,69.54036
1014,655,56.97997,71.19094
1015,334,48.033936,69.2967
1016,551,45.483524,70.620445
1017,556,53.377144,70.35607
1018,302,49.69813,69.3814
1019,614,53.55339,70.39845
1020,364,54.30957,69.67548
1021,336,37.43257,69.13258
1022,492,26.285557,69.981895
1023,248,53.49123,69.23313
1024,379,40.28634,70.00167
1025,680,47.570312,70.78112
1026,310,52.343945,69.39009
1027,349,45.08863,69.94869
1028,511,41.82175,70.556694
1029,571,53.500553,70.53918
1030,322,46.33174,69.9132
1031,439,47.02044,69.43051
1032,508,55.351814,70.539635
1033,830,54.284573,70.61867
1034,489,54.21665,71.384094
1035,595,56.30453,70.521355
1036,319,51.80978,68.91121
1037,405,49.283817,69.32368
1038,191,42.465313,67.76697
1039,321,36.575947,70.02994
1040,473,39.957684,70.47227
1041,437,43.16352,70.365395
1042,116,42.99866,67.49921
1043,201,48.17743,68.192795
1044,463,36.067722,69.878456
1045,549,50.004505,70.96619
1046,414,45.623302,69.91274
1047,213,48.010803,69.377365
1048,511,53.49948,69.97212
1049,285,46.006046,69.84986
1050,712,55.999462,71.29995
1051,243,43.68334,69.30546
1052,511,48.94955,70.874695
1053,290,36.699707,69.40794
1054,403,44.819168,71.05244
1055,516,50.66833,70.879326
1056,481,46.068104,69.812584
1057,170,42.519142,68.4829
1058,515,55.782032,70.597885
1059,613,51.95683,71.00106
1060,327,46.04846,69.85211
1061,696,40.62729,71.31369
1062,301,49.51124,69.686035
1063,242,44.389557,69.35923
1064,191,34.28757,67.835655
1065,149,44.114502,66.602356
1066,262,45.96278,69.79109
1067,593,38.435925,71.23123
1068,211,44.58769,69.32026
1069,318,46.3911,69.06133
1070,363,37.832855,70.052925
1071,199,47.1171,69.14072
1072,357,50.690006,69.74582
1073,391,53.70833,70.12745
1074,351,45.525448,69.40535
1075,436,53.18349,69.45949
1076,328,49.99482,70.28666
1077,247,49.292202,69.32496
1078,345,40.872765,70.17957
1079,197,43.493954,67.555016
1080,334,51.986385,69.62301
1081,568,48.522022,70.700226
1082,423,41.162956,70.413475
1083,551,58.32166,70.448166
1084,241,49.95017,69.37526
1085,414,50.631104,69.554214
1086,358,43.340393,69.58931
1087,560,49.09753,70.24406
1088,392,44.966377,69.81085
1089,477,52.6831,70.835594
1090,480,48.053955,70.35241
1091,499,31.191544,70.23883
1092,459,43.35558,69.90361
1093,579,50.335136,70.17517
1094,181,45.81891,68.20028
1095,310,40.06918,69.48145
1096,388,47.54335,69.501495
1097,277,47.155205,68.36432
1098,164,36.546482,68.43482
1099,477,41.325424,71.41138
1100,371,49.617413,70.02522
1101,362,47.253918,70.328
1102,855,53.03558,70.390144
1103,451,39.940636,70.397995
1104,378,39.76161,69.969826
1105,409,47.077923,69.35735
1106,494,55.52308,70.27587
1107,488,49.926968,71.168175
1108,381,38.186417,69.58599
1109,404,50.58078,69.53992
1110,426,52.788742,70.015884
1111,802,47.60629,71.061165
1112,416,49.920673,70.61785
1113,215,43.160984,69.0012
1114,278,41.632687,69.7029
1115,370,49.455692,70.17896
1116,550,50.149414,69.84749
1117,466,51.77436,70.804115
1118,338,49.037045,69.80008
1119,217,46.543274,68.47109
1120,312,47.48284,69.14353
1121,500,51.134518,70.18281
1122,455,39.652317,70.506325
1123,342,51.807396,69.79848
1124,157,46.428753,68.123695
1125,246,41.510155,69.2966
1126,645,52.041317,70.46627
1127,260,42.47868,69.77485
1128,375,45.809322,69.997154
1129,252,54.040287,69.162834
1130,429,42.437637,70.26566
1131,346,48.467655,70.61564
1132,440,52.810596,69.48976
1133,625,52.31308,70.233864
1134,271,35.95703,68.463646
1135,464,51.248363,70.05984
1136,424,37.354202,69.717735
1137,227,49.637753,69.99865
1138,160,45.19349,67.93977
1139,595,48.922546,71.20962
1140,434,38.787464,70.14854
1141,211,50.638153,67.911095
1142,328,35.70266,70.85599
1143,510,53.213665,70.50847
1144,712,51.832355,71.46978
1145,290,15.491642,69.783714
1146,247,34.146366,68.65359
1147,700,53.204597,70.75672
1148,298,21.16177,69.04168
1149,527,44.74647,70.2984
1150,184,40.65634,69.4067
1151,361,49.147896,69.643036
1152,348,43.098736,69.97029
1153,250,46.722054,68.89848
1154,495,55.750027,70.14507
1155,348,47.45675,70.6019
1156,219,48.338257,69.77723
1157,509,48.686565,70.21378
1158,517,46.242737,70.77305
1159,449,52.013588,71.07095
1160,437,39.113537,69.59645
1161,199,47.732502,69.553955
1162,242,52.69672,69.380875
1163,377,45.08165,69.940704
1164,288,48.263138,69.38009
1165,184,48.657513,68.43941
1166,247,39.09387,69.4786
1167,252,39.83737,69.0669
1168,455,43.17409,70.94107
1169,632,57.654247,71.03728
1170,379,48.039577,70.3829
1171,249,44.300243,69.77344
1172,281,49.57295,69.926285
1173,408,48.728973,70.187965
1174,438,27.171858,69.72908
1175,241,38.95615,67.53407
1176,236,42.11833,69.58431
1177,700,50.477577,70.85826
1178,361,49.57934,70.483986
1179,433,42.631634,69.52813
1180,201,40.820477,68.45186
1181,315,42.984703,69.81776
1182,293,48.392296,69.15289
1183,536,56.792862,69.868065
1184,284,46.503845,68.75222
1185,577,48.994217,70.51403
1186,856,54.89525,71.46544
1187,233,49.184074,69.185356
1188,383,47.55142,69.387726
1189,449,50.82925,70.14056
1190,220,40.766754,69.44913
1191,234,48.028645,69.93049
1192,311,55.208122,70.46976
1193,100,44.786324,66.02905
1194,551,48.228226,70.35722
1195,95,47.38608,66.00121
1196,255,47.13592,69.61123
1197,332,49.982056,69.88021
1198,393,45.15016,70.88412
1199,457,41.347084,70.50841
1200,355,40.310482,69.51705
1201,427,45.912067,69.852165
1202,483,51.246487,70.351906
1203,258,44.515724,69.26658
1204,321,36.576443,71.18295
1205,357,43.045746,70.05139
1206,753,55.036198,70.564606
1207,212,45.25256,69.064575
1208,666,52.80247,70.08558
1209,776,54.732376,70.532646
1210,371,49.088596,70.47635
1211,276,48.68892,70.233
1212,281,43.79007,69.56302
1213,734,53.598816,70.68015
1214,233,47.43568,69.41264
1215,425,50.123577,70.088455
1216,343,45.841846,68.82614
1217,223,28.607834,69.65512
1218,280,43.43602,68.86359
1219,334,44.513515,69.69013
1220,572,43.31827,71.35675
1221,632,48.345615,70.20902
1222,384,47.810436,70.186424
1223,177,45.145123,68.23186
1224,835,59.819782,70.76016
1225,419,43.33905,70.817215
1226,328,49.560143,69.93801
1227,291,41.752167,70.05541
1228,281,50.093338,69.24438
1229,371,44.169044,69.59547
1230,535,48.17872,70.57612
1231,479,43.35588,69.90713
1232,276,47.017002,68.93492
1233,316,44.17924,68.97811
1234,437,45.746937,69.480675
1235,238,50.04436,68.68648
1236,203,42.63208,69.02063
1237,364,45.918667,70.757416
1238,1003,57.60998,71.19278
1239,206,49.98153,69.111946
1240,509,48.359695,70.41066
1241,378,38.20001,70.88578
1242,302,44.60931,70.734184
1243,541,53.481197,70.87569
1244,401,50.027004,69.60916
1245,389,45.492954,70.092224
1246,223,50.95153,69.07319
1247,397,45.693737,69.5658
1248,727,53.018,71.16427
1249,354,38.46083,69.92161
1250,367,44.455822,70.363525
1251,611,52.117023,71.46058
1252,215,46.81417,68.92637
1253,182,44.213356,69.07189
1254,388,37.485245,70.16141
1255,136,42.77478,68.380516
1256,620,56.84499,71.148766
1257,226,43.33025,68.41698
1258,780,37.185753,70.32459
1259,223,45.832317,69.083145
1260,162,40.74068,68.332245
1261,297,47.568623,69.864105
1262,320,54.63977,68.892105
1263,531,46.555336,70.29892
1264,262,39.128796,69.17919
1265,467,39.403908,70.81753
1266,183,41.293827,70.01661
1267,501,48.35501,70.42917
1268,231,46.808002,69.191284
1269,464,55.028442,69.49675
1270,200,45.533737,69.12805
1271,481,56.540512,70.615
1272,323,43.97617,70.31876
1273,177,33.294785,68.29248
1274,383,49.628963,70.28527
1275,307,48.201927,69.8115
1276,266,41.485397,70.590996
1277,201,41.15332,70.136375
1278,520,52.809616,70.48164
1279,443,40.70449,70.88262
1280,401,41.106342,70.21536
1281,196,44.59963,68.77265
1282,443,44.578583,70.0309
1283,145,26.148176,68.52071
1284,267,42.913464,68.36019
1285,256,46.014915,68.19962
1286,167,47.980984,68.522224
1287,301,37.17478,70.04828
1288,417,53.57039,70.46875
1289,227,39.63053,69.85635
1290,292,46.493484,69.80656
1291,493,50.391823,71.203064
1292,753,45.24399,70.81059
1293,453,51.669743,69.53661
1294,465,48.62576,69.888565
1295,407,46.7916,70.61345
1296,597,52.543083,70.479866
1297,549,51.405853,70.62587
1298,405,48.532253,69.30902
1299,374,42.64616,69.3439
1300,357,40.869377,69.36868
1301,668,45.457714,70.741974
1302,431,45.07811,70.79252
1303,256,47.739807,69.50433
1304,149,42.200714,67.93665
1305,391,48.834198,68.75921
1306,255,45.96205,69.342186
1307,434,49.770626,70.3345
1308,190,44.323437,68.822014
1309,155,42.08461,68.09731
1310,656,35.713566,70.54847
1311,367,51.372845,70.88438
1312,596,51.62935,70.50333
1313,455,46.25545,69.75137
1314,604,48.95101,70.29027
1315,417,48.8911,69.5915
1316,343,46.936172,69.6237
1317,295,38.827435,68.73918
1318,378,50.889294,69.923004
1319,203,31.805016,68.94547
1320,348,45.961292,69.735
1321,165,49.46023,68.30218
1322,35,,
1323,324,41.867935,69.59603
1324,343,44.04343,69.482735
1325,326,38.46567,70.015755
1326,152,44.783764,67.53042
1327,425,45.649586,69.91921
1328,230,38.386982,69.68598
1329,548,51.600704,70.28281
1330,451,49.687916,69.810776
1331,593,54.334393,71.05597
1332,334,41.698536,69.44685
1333,402,48.045883,70.79773
1334,443,50.35126,71.03021
1335,500,51.23989,70.52539
1336,736,49.917194,70.53168
1337,360,47.918983,69.586006
1338,311,40.941826,69.5339
1339,224,38.306145,69.22736
1340,585,51.156403,70.947266
1341,323,52.76413,70.03222
1342,301,40.812347,69.22289
1343,687,56.97435,70.57093
1344,320,55.90017,69.43207
1345,135,38.14481,68.20786
1346,511,43.831264,70.54498
1347,297,53.715412,70.06161
1348,435,44.967487,69.995476
1349,371,47.63943,70.96997
1350,448,49.33958,70.1009
1351,582,43.993385,70.01923
1352,368,47.9147,69.53877
1353,208,39.215157,69.46872
1354,802,53.14502,70.70343
1355,501,44.718185,70.216354
1356,736,57.09618,70.30662
1357,306,43.111893,70.03011
1358,562,39.21071,70.12598
1359,449,45.99305,69.54813
1360,807,51.43476,70.78373
1361,377,41.71393,69.99397
1362,222,43.33158,69.058395
1363,491,55.08012,70.12836
1364,365,56.601273,69.35404
1365,349,45.29634,69.94188
1366,362,45.272293,70.158356
1367,377,51.01685,70.60067
1368,211,50.23852,67.851845
1369,172,35.2114,68.512596
1370,356,37.612247,69.062996
1371,517,46.29044,69.9055
1372,741,48.384754,70.41107
1373,420,50.117714,70.63709
1374,851,54.12843,71.356476
1375,480,47.37458,69.85731
1376,479,47.66485,69.81917
1377,478,40.44716,70.43072
1378,372,46.39672,69.69931
1379,1188,59.03163,71.05946
1380,911,53.58864,70.727715
1381,588,46.23649,70.51245
1382,358,44.96563,70.061
1383,419,54.0423,69.39136
1384,380,52.067245,69.90992
1385,321,48.829414,68.53001
1386,479,39.372143,69.77106
1387,331,40.23456,69.50433
1388,268,50.729435,70.0547
1389,345,49.907154,69.84287
1390,293,45.25947,69.627174
1391,445,41.980145,70.70425
1392,691,52.59082,70.83503
1393,348,45.31241,69.21836
1394,411,49.489754,69.96533
1395,524,44.674767,70.5827
1396,223,22.192705,68.518425
1397,352,44.72103,70.51678
1398,408,52.83386,69.693596
1399,552,49.987926,71.23924
1400,428,45.12968,69.99766
1401,187,33.195442,69.10522
1402,190,42.34372,68.64995
1403,206,47.957428,69.401985
1404,282,42.079174,69.283066
1405,183,20.141768,67.82127
1406,227,45.3562,68.390976
1407,377,36.81659,70.39224
1408,458,40.040855,69.78317
1409,337,42.717194,70.42215
1410,317,39.6123,70.125465
1411,1275,56.62131,71.58771
1412,548,44.50517,71.00114
1413,176,54.687965,68.020294
1414,1077,54.26722,70.33162
1415,419,44.132458,70.21623
1416,386,40.40508,70.24926
1417,516,50.739635,70.743996
1418,267,42.03909,69.47739
1419,553,51.779533,70.84566
1420,191,43.310352,68.61094
1421,332,53.793068,68.75649
1422,392,52.748066,69.46687
1423,329,54.02078,70.19694
1424,439,45.501556,70.26914
1425,665,41.7337,70.611305
1426,137,40.822002,67.684135
1427,219,28.825603,69.22959
1428,277,50.67913,68.88472
1429,376,42.46473,70.488106
1430,231,48.30735,69.27453
1431,435,45.40008,70.14172
1432,319,36.985306,69.20614
1433,427,52.148365,69.973366
1434,340,50.50184,69.83362
1435,277,41.521915,69.37712
1436,325,41.233448,69.45257
1437,507,52.197384,70.02729
1438,445,49.91991,70.70535
1439,632,55.330967,70.456696
1440,556,48.99489,70.70855
1441,451,55.44106,69.84809
1442,581,47.87772,70.12997
1443,431,54.05852,69.333824
1444,232,45.670296,68.24976
1445,442,50.677563,69.95807
1446,449,50.48515,70.42115
1447,316,45.476112,69.315605
1448,212,22.427887,67.67071
1449,265,46.864807,70.42673
1450,304,50.077606,69.79708
1451,385,50.8284,68.56392
1452,369,56.149296,69.61587
1453,479,58.639015,70.20025
1454,316,38.812252,69.96383
1455,362,53.61715,69.79469
1456,975,56.42013,70.181656
1457,512,45.29935,70.40024
1458,372,38.783592,69.34581
1459,357,41.8924,69.48327
1460,421,48.45866,70.414246
1461,234,45.014328,68.82271
1462,489,52.163555,71.232864
1463,511,53.49216,71.103195
1464,516,43.70583,71.32345
1465,282,50.515976,69.649796
1466,429,41.659153,69.699425
1467,444,44.881664,70.89397
1468,427,46.716152,70.02648
1469,310,54.570465,69.63818
1470,846,53.55752,69.93886
1471,340,41.747627,69.199196
1472,324,38.06936,70.733795
1473,255,20.881136,69.23559
1474,207,46.67361,68.70814
1475,296,42.34249,69.87345
1476,280,47.788414,69.74598
1477,341,48.436863,69.89601
1478,416,49.57438,70.074265
1479,53,32.79409,63.387287
1480,571,50.151867,69.86007
1481,147,48.68633,66.785355
1482,343,44.184727,69.63931
1483,169,41.817867,67.92272
1484,543,49.641388,70.58739
1485,473,46.552044,70.08273
1486,289,51.704727,70.074936
1487,275,36.46247,69.892
1488,413,36.292576,69.009186
1489,185,41.12516,68.94627
1490,396,50.51879,69.65254
1491,182,39.787384,68.68133
1492,232,38.92531,68.90047
1493,317,52.065445,69.17339
1494,432,41.562992,69.94235
1495,272,46.585384,68.87567
1496,266,46.850193,69.81548
1497,516,51.482098,70.66744
1498,718,51.28855,71.01289
1499,94,41.171604,67.02687
1500,195,52.81292,69.39549
1501,671,43.075127,70.99645
1502,371,46.24756,70.09187
1503,645,51.53727,69.58813
1504,444,49.474937,69.6988
1505,343,39.54293,70.25657
1506,488,50.30555,70.223404
1507,671,54.245518,69.77778
1508,600,47.704338,70.51238
1509,313,41.896988,69.01599
1510,144,46.22197,68.5657
1511,285,41.453648,69.630554
1512,160,38.556934,68.14232
1513,317,41.96376,69.61096
1514,589,45.741558,69.94192
1515,216,43.473564,68.82418
1516,556,52.29999,70.39549
1517,675,47.734356,70.5763
1518,368,47.95278,69.83331
1519,278,36.680374,69.241066
1520,357,40.990627,70.261925
1521,195,55.713894,69.028625
1522,206,46.25823,69.1927
1523,476,51.15081,70.197365
1524,687,58.118553,70.69335
1525,345,55.135914,70.55
1526,182,47.20068,67.81332
1527,448,42.69417,69.82113
1528,243,46.297886,68.64194
1529,700,57.3336,70.663666
1530,646,48.220474,71.06643
1531,309,47.763947,68.60093
1532,232,42.735588,69.13075
1533,513,55.463573,70.8341
1534,344,47.078518,69.4228
1535,175,37.82107,67.904495
1536,534,51.336517,69.890724
1537,789,58.34977,71.000206
1538,613,52.570324,70.40194
1539,71,48.11421,65.50841
1540,453,47.42056,70.62689
1541,279,50.313778,69.8596
1542,276,47.39593,70.74191
1543,68,42.660168,63.709316
1544,336,46.70446,70.05563
1545,323,49.300056,69.884285
1546,373,42.429363,69.39771
1547,417,38.30938,70.14328
1548,375,47.670677,69.37663
1549,479,39.860836,70.57592
1550,501,40.458145,70.09697
1551,446,48.173763,70.18691
1552,296,46.067303,70.32753
1553,796,44.548347,70.808876
1554,383,46.673656,70.493996
1555,276,41.18861,70.22466
1556,511,46.197384,70.326904
1557,371,53.866993,69.72523
1558,501,43.414143,70.26718
1559,324,41.736565,70.2116
1560,475,50.718002,70.93582
1561,398,44.58267,69.34458
1562,270,10.795025,68.92721
1563,405,54.680817,69.74849
1564,205,44.335663,69.83794
1565,370,48.96435,70.15073
1566,308,47.90068,70.32851
1567,716,55.856384,70.12662
1568,225,45.453445,69.370316
1569,256,42.36012,68.61397
1570,496,53.205536,70.412735
1571,367,46.50547,70.16729
1572,282,31.488253,69.87342
1573,153,41.48823,67.504585
1574,178,38.48098,69.37813
1575,810,55.59348,70.10723
1576,286,51.566948,70.471634
1577,429,45.300198,69.71648
1578,309,50.50491,70.510864
1579,658,54.395992,69.781456
1580,472,47.055862,70.06849
1581,486,46.480534,70.88696
1582,663,42.309814,70.93508
1583,667,54.78755,70.7108
1584,543,45.23479,70.66216
1585,367,48.065266,70.60995
1586,576,52.71357,70.19446
1587,252,42.203922,68.802925
1588,180,47.738388,68.69023
1589,203,45.021904,68.54157
1590,332,48.341087,70.51741
1591,286,36.197296,69.87904
1592,227,39.454956,69.676506
1593,369,50.13434,70.34356
1594,407,22.610628,70.02972
1595,493,38.45632,70.79017
1596,673,57.380222,70.72419
1597,305,49.67402,70.21962
1598,476,50.747143,70.52656
1599,249,49.822544,70.00882
1600,332,47.6064,70.42005
1601,277,40.526737,69.306946
1602,255,45.92967,69.10848
1603,712,57.463593,70.8887
1604,732,54.568203,71.58204
1605,688,46.28304,70.36352
1606,266,28.305294,69.31128
1607,436,47.545155,69.93735
1608,467,54.054905,69.69923
1609,265,40.594063,69.45111
1610,256,35.386223,68.922844
1611,409,50.915676,70.15622
1612,204,40.932148,68.67934
1613,230,47.671085,68.779495
1614,390,39.69824,69.82275
1615,363,43.775814,70.13072
1616,525,53.399418,71.14496
1617,658,45.056435,71.20375
1618,222,36.258682,68.62812
1619,378,38.261612,70.060425
1620,308,53.392666,70.01226
1621,806,49.496277,71.37574
1622,457,52.962654,69.76923
1623,244,43.093998,70.45594
1624,445,47.69683,70.036964
1625,779,55.64142,70.89699
1626,183,37.255142,68.96173
1627,318,47.220802,68.75027
1628,183,49.84758,69.15363
1629,170,48.567917,68.92013
1630,220,41.83429,69.69716
1631,583,55.916058,70.828766
1632,435,45.268456,70.04853
1633,250,47.746113,68.95794
1634,561,46.85874,69.84953
1635,444,45.627506,71.863556
1636,209,43.534885,69.1268
1637,283,42.91673,70.45819
1638,259,46.38775,69.29927
1639,349,43.13411,69.9088
1640,334,43.775295,69.70696
1641,570,50.833107,70.32627
1642,448,48.687744,70.107544
1643,339,38.06471,70.11042
1644,742,51.16456,70.429016
1645,169,48.028595,68.109085
1646,268,36.682007,68.53602
1647,291,47.080322,70.60343
1648,240,31.119303,69.30693
1649,690,54.150967,71.669685
1650,527,44.081425,70.1021
1651,556,57.194424,70.27863
1652,223,48.871357,68.4634
1653,343,47.91545,70.39658
1654,429,40.1536,70.535355
1655,396,43.311367,69.688545
1656,264,51.270294,69.00892
1657,224,48.85627,70.039505
1658,257,43.33839,69.484436
1659,492,48.64669,71.016785
1660,274,47.840885,69.90995
1661,577,57.726067,70.58551
1662,386,47.386127,70.10096
1663,346,49.70537,70.27149
1664,232,46.537178,69.24948
1665,398,43.894257,70.118904
1666,238,42.067253,70.74662
1667,208,39.795303,67.96034
1668,520,54.43348,70.43086
1669,388,49.2901,69.70376
1670,508,47.745346,70.092255
1671,523,52.955135,71.164406
1672,181,44.395756,68.4765
1673,412,47.986507,69.13445
1674,333,42.085007,70.79823
1675,531,38.51269,69.130295
1676,224,44.76321,68.03751
1677,347,40.745926,69.54584
1678,523,40.943058,69.58675
1679,327,46.1318,69.883484
1680,602,50.92146,70.28711
1681,324,46.32727,68.6903
1682,310,32.491203,69.356735
1683,372,32.54367,69.89475
1684,135,38.982887,67.4079
1685,260,45.50913,70.34312
1686,764,50.30029,71.714836
1687,405,43.945606,70.48263
1688,355,44.36825,69.42224
1689,356,45.496155,69.73409
1690,571,43.037724,70.66375
1691,259,51.577892,68.40225
1692,306,46.181118,69.44033
1693,536,55.734505,70.186745
1694,422,47.536842,69.27998
1695,469,56.970905,70.4992
1696,320,44.59702,69.939255
1697,82,37.28117,65.037254
1698,543,51.86101,69.73411
1699,198,43.642105,69.08268
1700,482,43.56951,70.424065
1701,402,44.02011,70.2605
1702,167,35.819096,68.776665
1703,229,55.236805,68.68994
1704,325,56.406364,69.36666
1705,72,39.641747,65.9101
1706,351,49.090836,70.53792
1707,181,38.727158,68.08755
1708,485,54.37192,70.55667
1709,85,37.207443,67.136314
1710,493,49.88514,70.43122
1711,335,39.993576,69.88122
1712,552,49.06144,70.01485
1713,360,50.427696,69.39224
1714,604,50.856754,70.639404
1715,330,42.464203,70.35075
1716,136,39.11844,67.726746
1717,551,40.17197,70.71299
1718,528,49.714333,70.51089
1719,163,44.992477,67.337326
1720,226,47.132217,68.37472
1721,129,41.64578,67.846214
1722,314,49.09359,70.795
1723,255,44.346767,68.77312
1724,707,43.89432,70.48297
1725,554,50.013214,70.75019
1726,167,47.13426,68.191055
1727,287,43.292274,69.77328
1728,321,45.495155,69.6322
1729,181,42.173298,67.62547
1730,143,45.96938,68.25808
1731,226,32.354492,69.63156
1732,234,38.360073,69.032326
1733,266,46.525517,70.07645
1734,3,,
1735,346,48.474472,70.70889
1736,206,45.48106,68.86787
1737,403,37.466488,70.61342
1738,399,48.58436,70.21888
1739,319,36.621094,70.376274
1740,591,55.193436,70.36014
1741,400,45.948788,70.159325
1742,217,43.259594,68.54942
1743,567,44.388477,69.9604
1744,316,46.09558,68.85035
1745,469,38.84366,70.008865
1746,91,46.33455,64.6659
1747,199,29.760689,68.56929
1748,385,52.228226,70.34791
1749,558,54.045082,71.41469
1750,480,44.88937,70.432236
1751,344,48.586422,70.20183
1752,357,46.368546,70.540245
1753,566,41.081356,70.74953
1754,301,45.24641,69.27456
1755,481,54.677933,70.29822
1756,407,48.4805,70.52429
1757,250,41.286655,69.383286
1758,212,35.623104,69.89076
1759,111,32.856876,67.6857
1760,276,52.983864,70.13682
1761,327,46.317154,70.473335
1762,394,48.070522,69.63673
1763,520,43.30127,70.18485
1764,167,45.761936,68.75766
1765,299,43.34438,69.9361
1766,329,45.68346,68.91753
1767,346,43.225,69.32702
1768,268,40.60426,69.13369
1769,278,42.54488,70.26696
1770,459,50.84459,70.128494
1771,315,45.865017,69.442696
1772,295,48.053043,69.02553
1773,335,45.34895,69.71006
1774,276,52.460644,69.387665
1775,219,45.57907,69.303696
1776,322,44.385746,70.772705
1777,218,46.814114,68.77995
1778,449,38.25709,69.87239
1779,459,41.039917,70.31327
1780,189,41.240627,69.21096
1781,532,51.272423,70.56554
1782,572,49.624847,70.72541
1783,133,34.56345,67.97874
1784,280,47.64683,69.8575
1785,325,41.321316,70.18386
1786,444,51.116566,69.90633
1787,449,47.74171,69.0508
1788,380,51.107544,69.12207
1789,1143,60.006943,71.62659
1790,127,40.622906,68.87544
1791,321,34.51536,68.95209
1792,566,51.121185,71.07106
1793,443,57.082314,70.72001
1794,518,50.752407,69.79073
1795,434,49.38006,70.07926
1796,372,44.06885,69.0399
1797,208,39.302048,69.771034
1798,298,42.571835,69.99621
1799,464,49.19458,70.74981
1800,187,50.92077,68.078316
1801,288,45.81602,69.41907
1802,786,49.522484,70.49082
1803,323,48.717472,69.46052
1804,282,45.451267,69.69951
1805,511,43.410255,70.11135
1806,579,56.023952,69.57513
1807,584,53.594254,69.71863
1808,733,46.278126,70.80717
1809,709,56.909164,70.17058
1810,403,45.300358,70.818054
1811,1070,56.87401,71.020065
1812,604,50.10326,69.9368
1813,329,49.046104,69.45462
1814,757,54.745262,71.00079
1815,476,46.728695,70.43884
1816,228,37.1526,68.563934
1817,459,41.10215,69.88748
1818,616,48.505795,69.97371
1819,237,39.402397,69.14466
1820,383,43.17589,70.4905
1821,230,43.868256,69.37766
1822,246,39.057903,69.189865
1823,253,44.13604,70.15847
1824,281,42.66434,69.57342
1825,160,46.98538,67.3009
1826,331,53.293777,69.88415
1827,483,52.60014,70.24508
1828,702,51.512802,70.701164
1829,548,42.6396,70.784515
1830,121,45.33286,67.5946
1831,356,41.663082,69.534996
1832,388,40.368702,69.60355
1833,400,41.544125,69.13534
1834,360,43.3143,70.7055
1835,121,42.78685,65.953735
1836,502,46.41549,70.11431
1837,295,39.935665,69.503296
1838,266,40.64175,69.896484
1839,371,50.651608,70.40799
1840,276,35.395252,69.920815
1841,409,46.994125,69.95273
1842,471,46.189583,70.604034
1843,425,43.905457,70.14921
1844,438,51.117947,70.27502
1845,203,41.32147,68.39798
1846,338,45.56428,71.06081
1847,229,48.86358,69.19516
1848,419,37.57514,69.22453
1849,474,49.206215,70.022896
1850,257,38.96554,69.495255
1851,523,48.91803,70.42134
1852,540,47.485126,69.77201
1853,500,50.602093,70.104904
1854,361,11.384859,70.19396
1855,201,35.125828,69.60227
1856,451,45.07793,70.516754
1857,218,46.648952,68.52891
1858,187,42.947395,68.58669
1859,403,23.77316,69.66646
1860,323,41.652744,68.816574
1861,586,50.845135,70.30382
1862,175,39.820198,68.381096
1863,291,58.02841,69.591064
1864,412,41.125008,71.11397
1865,287,37.617554,70.2221
1866,312,47.567394,69.972115
1867,435,46.500656,70.15957
1868,606,54.575584,70.165794
1869,768,53.272396,70.75825
1870,498,51.100124,70.80598
1871,369,48.874874,70.77362
1872,226,40.689022,68.39557
1873,396,52.087112,68.53175
1874,355,45.93045,69.30727
1875,256,49.07029,69.18682
1876,415,51.72397,69.91951
1877,576,39.094162,70.918076
1878,331,41.894302,69.579506
1879,255,47.3063,69.17711
1880,412,54.005287,70.354095
1881,409,42.718212,70.58689
1882,757,57.79027,71.44499
1883,222,43.9288,68.23045
1884,328,38.66733,69.99442
1885,376,45.6189,69.87034
1886,541,53.79738,69.84391
1887,262,40.239086,70.112625
1888,176,44.44035,68.05773
1889,102,41.18771,65.458984
1890,531,51.870937,70.758575
1891,578,43.18539,70.64024
1892,492,50.31344,69.871826
1893,266,43.27546,68.794044
1894,300,52.364002,69.38026
1895,502,49.367546,70.331635
1896,297,46.71239,69.541664
1897,336,49.251686,69.31022
1898,150,46.48563,67.7813
1899,595,48.752666,70.528595
1900,335,54.867596,69.4027
1901,339,49.875496,69.708855
1902,353,57.354816,70.35268
1903,493,55.210487,69.620865
1904,300,49.0103,69.57111
1905,628,52.2675,71.11286
1906,256,46.916054,69.42984
1907,288,40.201984,68.946785
1908,194,44.309002,69.00123
1909,338,37.662,70.151855
1910,300,48.70515,69.00494
1911,346,40.157497,69.51724
1912,298,38.58106,70.10709
1913,180,38.97771,69.013725
1914,483,49.9695,69.70105
1915,183,42.860584,68.92158
1916,222,39.17306,68.710365
1917,478,46.028423,70.17066
1918,549,44.157753,70.66753
1919,755,58.75043,70.85249
1920,179,53.352577,68.18909
1921,291,42.84413,70.30204
1922,236,48.63828,69.455894
1923,426,43.219997,70.1236
1924,427,40.737,69.954315
1925,659,50.776806,69.94466
1926,293,44.51815,68.8019
1927,573,53.36514,70.72232
1928,272,55.71084,69.67157
1929,367,41.945484,68.87535
1930,421,49.41482,70.15918
1931,125,39.96963,66.920235
1932,230,44.97495,69.317825
1933,239,38.12979,68.08782
1934,251,45.164364,69.56376
1935,735,48.881336,70.47734
1936,432,41.08405,70.93529
1937,396,40.621864,70.12283
1938,270,46.766254,69.30669
1939,437,44.05016,70.93185
1940,188,41.21619,67.77832
1941,520,46.636055,70.22793
1942,410,43.491043,70.41219
1943,743,59.253006,71.21852
1944,440,45.953407,70.066536
1945,376,41.385258,70.12834
1946,153,44.381435,67.29542
1947,185,50.730988,66.76529
1948,499,27.465588,69.599625
1949,238,38.973347,69.36559
1950,315,48.873684,69.84645
1951,351,45.099678,70.378365
1952,273,43.864017,69.61874
1953,374,46.27318,69.84172
1954,175,44.03107,68.45626
1955,387,47.180847,70.14093
1956,423,35.42037,70.1867
1957,315,36.85192,70.75045
1958,314,51.495823,69.46986
1959,215,49.3033,69.010254
1960,255,41.66238,69.84565
1961,375,48.13713,70.209854
1962,302,40.64706,70.43263
1963,146,41.26214,68.92281
1964,522,52.324406,70.791336
1965,265,49.979187,69.10112
1966,461,47.563347,69.66287
1967,584,51.3487,69.80078
1968,508,49.979515,70.48341
1969,368,37.251232,69.939064
1970,605,47.95287,70.782036
1971,202,47.04443,69.32498
1972,287,42.749573,69.2712
1973,192,43.931774,68.309715
1974,228,44.61575,69.02507
1975,287,44.957222,69.63193
1976,711,52.689064,70.196655
1977,383,39.34265,69.93083
1978,205,46.22243,68.77644
1979,489,51.999367,70.68106
1980,398,51.183006,69.76744
1981,341,49.594494,69.58721
1982,279,49.678783,69.252075
1983,257,33.724846,70.19309
1984,211,40.20009,69.19006
1985,127,42.06738,67.750435
1986,922,53.095715,70.99566
1987,664,55.121487,70.25207
1988,215,37.466873,69.84563
1989,302,22.350824,69.12236
1990,262,38.100437,70.33983
1991,270,38.45902,69.287056
1992,449,49.320503,70.07123
1993,450,44.9038,70.30519
1994,589,41.425743,70.18055
1995,560,49.34521,70.617355
1996,239,51.160038,70.078995
1997,533,50.127865,69.911514
1998,372,45.24824,69.292816
1999,315,45.02322,69.91624
2000,288,36.00568,69.05403
2001,305,45.482193,68.57983
2002,294,45.096992,70.3316
2003,688,60.576557,70.43349
2004,147,45.18682,68.66026
2005,254,30.369602,68.754196
2006,291,45.754116,69.56772
2007,412,48.709675,70.75136
2008,179,39.777798,68.36329
2009,805,41.340572,70.39947
2010,169,36.44417,69.20009
2011,334,42.651154,70.09436
2012,327,46.825718,70.693855
2013,463,47.786583,70.14497
2014,367,48.479336,70.314224
2015,218,45.826126,69.2985
2016,336,52.33423,70.15764
2017,352,45.262333,69.428604
2018,257,42.584465,70.403725
2019,1115,59.605682,71.2388
2020,234,44.915955,69.124504
2021,533,53.615437,70.29051
2022,291,40.2232,69.330956
2023,364,51.265854,68.844376
2024,113,43.458126,67.657524
2025,405,37.576805,70.59391
2026,240,49.964672,69.605194
2027,617,60.856792,70.38742
2028,334,49.700054,69.46557
2029,494,51.474407,70.99962
2030,359,44.822792,70.67121
2031,394,46.881252,70.223595
2032,231,46.97608,69.36781
2033,229,43.250717,69.32145
2034,129,39.4865,67.0863
2035,214,37.284275,69.09574
2036,217,48.908382,68.82003
2037,300,41.459244,70.23216
2038,542,48.59858,69.73907
2039,148,42.71655,67.99691
2040,254,35.826813,69.68893
2041,432,44.344597,70.16895
2042,154,44.387157,68.502754
2043,532,52.525757,69.98774
2044,382,50.501034,70.56846
2045,555,59.13032,69.77859
2046,305,37.0999,69.867256
2047,504,47.622017,70.38926
